Event_Date,CATEGORY,SUBCATEGORY,MORE_INFO,ETC
2025-01-15,ACTofGOD,Tonga Eruption,(Geomagnetic Effect),Schumann resonance band anomalies observed; ~4x increase in local lightning,
2025-02-27,ACTofGOD,Schumann,Major_Spike,Global - Coincided with 7-planet alignment (Mars Jupiter Uranus Saturn Venus Neptune Mercury),
2025-03-07,ACTofGOD,Schumann,00:00	Blackout_Start >40 24 M-class flares Tomsk Russia,	Complete data blackout; exceeded measurement threshold,
2025-03-08,ACTofGOD,Schumann,00:00	Blackout_End Tomsk Russia, 24-hour blackout period ended,
2025-05-13,ACTofGOD,Solar_Flare X1.2, Major solar flare event,
2025-05-31,ACTofGOD,Geomagnetic_Storm,CME 1700 km/s G4, Global Auroras visible to New Mexico,
2025-06-05,ANIMALS,Deer,WILDLIFE,unexpected aggressive or startled encounter"TikTok user filmed a strikingly odd interaction with a deer that appeared disturbed and reactive; thousands commented on similar wildlife encounters this summer.","https://www.tiktok.com/@mndiaye_97/video/7512889372853718314",
2025-06-15,ACTofGOD,Flares,White_Out 0-40+ M-class flares CH HSS 760 km/s Tomsk Russia,Full spectrum brightening,
2025-06-17,ACTofGOD,Solar_Flare,X1.2 Third X-class flare of 2025,
2025-07-03,ANIMALS,Coyotes,WILDLIFE,increased urban interactions and protective/aggressive denning"Coyote Yipps blog documents urban residents reporting increased coyote activity around denning areas; blog also links to Instagram stories and direct contact from people with recent encounters.","https://coyoteyipps.com/2025/07/",
2025-07-06,ACTofGOD,White_Flame,18:15 0-40+	Several	No matching flare 4-6 Tomsk Italy,Full spectrum white saturation,
2025-07-12,ACTofGOD,White_Flame,0-40+,Tomsk Russia Second July white flame event,
2025-07-28,ACTofGOD,White_Flame,0-40+,Tomsk Russia	Third July white flame event,
2025-07-30,ACTofGOD,Schumann,00:00	Blackout_Start >40	25 Tomsk Russia,Extended blackout begin,
2025-07-31,ACTofGOD,Schumann,00:00	Blackout >40 25 Tomsk Russia,Extended blackout continues,
2025-07-17,NETWORK,Xfinity ISP outage,Duration: 12 hours U.S.,
2025-07-17,NETWORK,Xfinity Outage,12-hour outage in the U.S.,
2025-07-18,LLM,Service Outage,1-hour outage in US/Canada,
2025-07-22,ACTofGOD,Solar Event,25-hour blackout period started,
2025-07-22,NETWORK,Cloud Service Disruption,Multi-region errors reported,
2025-07-22,NETWORK,ISP Shutdown,Q2 shutdowns reported in Libya etc.,
2025-07-22,NETWORK,Government-directed internet shutdown,Q2 shutdowns in Libya and other locations,
2025-07-23,ACTofGOD,Solar Event,25-hour blackout period ended,
2025-07-23,LLM,AI Hallucination,Major liability case reported,
2025-07-23,NETWORK,Extended blackout,Tomsk, Russia. Data: >40 25,
2025-07-24,LLM,Service Outage,Duration: 1 hour in US/Canada,
2025-07-30,ANIMALS,Aggressive baboon behavior,Led to euthanasia,
2025-08-01,ACTofGOD,Solar Event,24-hour blackout period ended,
2025-08-01,CIVIL/SOCIAL,Online Toxicity,UK Summer Riots spike in hate speech and disinformation in the UK on X & Telegram, Perplexity's Social Media Analysis,
2025-08-01,NETWORK,Global Internet Outage,1.5-hour duration,
2025-08-01,NETWORK,Global network outage,Duration: 1.5 hours,
2025-08-01,TRANSIT,Vehicle Recall,312,120 vehicles recalled for electronic brake booster issue,
2025-08-01,TRANSIT,Vehicle recall,electronic brake booster,120 vehicles affected,
2025-08-01,ACTofGOD,Schumann,01:00	Blackout_End Tomsk,25-hour blackout period ended,
2025-08-01,CIVIL/SOCIAL,Social Media Trends,Global trends service outage,
2025-08-01,CIVIL/SOCIAL,UK Summer Riots & Disinformation Spike,Spike in hate speech on X/Telegram linking unrest to Israel-Hamas conflict,
2025-08-01,VIOLENCE,Crime Rate Report,Continued drop in violence reported in U.S. cities,
2025-08-02,VIOLENCE,Simple Assault,Reported in Wawarsing NY,
2025-08-04,NETWORK,Network Outage,25-minute duration,
2025-08-04,NETWORK,Network outage,Duration: 25 minutes,
2025-08-04,LLM,OpenAI API & Image Generation Errors,High API Error Rates for o3; Errors in ChatGPT Image Generation,
2025-08-05,ACTofGOD,Schumann Resonance Anomaly,Frequency <7.83 Hz, global Thetadelta frequencies no energy >25 Hz anomaly concluded,
2025-08-05,LLM,AI model picker failure,Duration: 06:32 AM,12:54 PM,
2025-08-05,LLM,AI model quality degradation,Long-term issue lasting from Aug 5 to Sep 4,
2025-08-05,LLM,Model Picker Issues,Duration: 06:32 AM,12:54 PM,
2025-08-05,LLM,Anthropic Model Quality Degradation,Prolonged issue with model output quality (Issue Window 1),
2025-08-05,LLM,ChatGPT Conversation Errors (Paid Users),Elevated errors on ChatGPT conversations for paid users,
2025-08-05,LLM,ChatGPT General Issues,We identified Issues on ChatGPT,
2025-08-05,LLM,ChatGPT Conversation Error,Elevated errors on ChatGPT conversations for paid users,
2025-08-06,ELECTRONICS,Government website glitch,Affected a Constitution website,
2025-08-06,LLM,AI model memory issue,Unsolved memory problem, not fixable by fine-tuning,
2025-08-06,LLM,Anthropic Model Quality Degradation,Prolonged issue with model output quality (Issue Window 1),
2025-08-06,LLM,OpenAI,502 Gateway Errors,
2025-08-06,LLM,OpenAI ChatGPT,Elevated errors on conversations,
2025-08-07,NETWORK,Network failure (US/Mexico),Duration: 27 minutes,
2025-08-07,VIOLENCE,Decrease in violence reported,Oakland, first half of the year,
2025-08-07,LLM,Anthropic Model Quality Degradation,Prolonged issue with model output quality (Issue Window 1),
2025-08-07,LLM,OpenAI Deep Research,Elevated error rates for free users,
2025-08-07,LLM,OpenAI Platform-wide Issues,Multiple services affected,
2025-08-08,NETWORK,Security breach,stolen authentication tokens,Incident lasted from Aug 8 to Aug 18,
2025-08-08,LLM,Anthropic Model Quality Degradation,Prolonged issue with model output quality (Issue Window 1),
2025-08-08,LLM,OpenAI,GPT-5,Users encountering rate limit or model not found errors,
2025-08-08,LLM,ChatGPT Partial Search Outage,Search is Partially Down for ChatGPT Users,
2025-08-08,LLM,ChatGPT 4.5 Elevated Errors,Elevated errors on the ChatGPT 4.5 model,
2025-08-08,LLM,OpenAI Service Disruption,ChatGPT Search partially down; Elevated errors on the ChatGPT 4.5 model,
2025-08-09,LLM,Anthropic Model Quality Degradation,Prolonged issue with model output quality (Issue Window 1),
2025-08-10,ACTofGOD,Schumann,Deep_Pulses <7.83	24 Global Theta/delta frequencies no energy >25 Hz,Extended low-frequency pulse event begins,
2025-08-10,LLM,Anthropic Model Quality Degradation,Prolonged issue with model output quality (Issue Window 1),
2025-08-11,LLM,Anthropic Model Quality Degradation,Prolonged issue with model output quality (Issue Window 1),
2025-08-11,ACTofGOD,Schumann,Deep_Pulses_End <7.83,Lower frequency anomaly concluded,
2025-08-11,LLM,ChatGPT Partial Search Outage,Partial Search Outage for ChatGPT Users,
2025-08-11,LLM,OpenAI Codex Task Failures,Increased failure rate for Codex tasks,
2025-08-12,ELECTRONICS,Windows Update Failure,Update KB5063878 breaks recovery tools,
2025-08-12,LLM,Anthropic Model Quality Degradation,Prolonged issue with model output quality (Issue Window 1),
2025-08-12,LLM,ChatGPT Image Generation Errors,Image generation errors for free ChatGPT users,
2025-08-13,LLM,Anthropic Model Quality Degradation,Prolonged issue with model output quality (Issue Window 1),
2025-08-13,LLM,OpenAI,Compliance API,Increased Errors on Compliance API,
2025-08-13,LLM,OpenAIImage Generation,Increased Errors in Image Generation,
2025-08-14,LLM,Anthropic Model Quality Degradation,Prolonged issue with model output quality (Issue Window 1),
2025-08-14,LLM,OpenAI,Codex,Codex errors,
2025-08-14,LLM,OpenAI Codex Errors,Codex errors,
2025-08-15,NETWORK,Global ISP peak outage,Affecting 44 U.S. ISPs,
2025-08-15,LLM,Anthropic Model Quality Degradation,Prolonged issue with model output quality (Issue Window 1),
2025-08-15,LLM,OpenAI,ChatGPT,Increased errors in Chat Conversation,
2025-08-15,LLM,OpenAI,ChatGPT Connectors,ChatGPT connector errors,
2025-08-15,LLM,ChatGPT Connector Errors,ChatGPT connector errors,
2025-08-16,LLM,Anthropic Model Degradation,Model output quality issues,
2025-08-16,LLM,LLM Glitches,Unspecified glitches reported,
2025-08-16,ACTofGOD,Schumann,High_Frequency_Spike 55 Tomsk Russia,Well above normal harmonics massive activity
2025-08-16,LLM,Apple LLM reasoning paper reports glitches,Source: Reddit r/MachineLearning,
2025-08-17,NETWORK,European BGP routing mishaps,Affected television services; Source: Kentik,
2025-08-17,LLM,Anthropic Model Degradation,Model output quality issues,
2025-08-17,LLM,Unspecified LLM issue,Status: ,
2025-08-18,NETWORK,TP-Link device tethering issues,Discussion during outages; Source: Reddit r/outages,
2025-08-18,LLM,Anthropic Model Degradation,Model output quality issues,
2025-08-18,LLM,OpenAI,GPTs,GPTs with custom actions stuck processing,
2025-08-18,LLM,ChatGPT Apple Login Errors,Errors logging into ChatGPT with Apple,
2025-08-19,LLM,Anthropic Model Degradation,Model output quality issues,
2025-08-19,LLM,OpenAI,Vector Stores,Elevated Errors for File Uploads to Vector Stores,
2025-08-20,LLM,Anthropic Model Degradation,Model output quality issues,
2025-08-20,LLM,Major LLM elevated error rate,Mitigations required to stabilize service,
2025-08-20,LLM,OpenAI,ChatGPT,Conversation Errors,
2025-08-20,LLM,OpenAI,Sora,Elevated error rates and increased latency,
2025-08-20,LLM,ChatGPT Elevated Error Rate,ChatGPT elevated error rate,
2025-08-20,LLM,ChatGPT Subscription Loading Failure,Failed To Load Subscription Issue,
2025-08-20,LLM,OpenAI Help Center Login Down,Help Center login is down,
2025-08-21,LLM,OpenAI service issue,Details sparse,
2025-08-21,LLM,Anthropic Model Degradation,Model output quality issues,
2025-08-22,LLM,Anthropic Model Degradation,Model output quality issues,
2025-08-22,LLM,OpenAI,API,Elevated API errors and latencies,
2025-08-23,ELECTRONICS,RC aircraft ESC failure,,
2025-08-23,LLM,Anthropic Model Degradation,Model output quality issues,
2025-08-23,LLM,OpenAI,ChatGPT Voice,Voice conversations dropping previous messages,
2025-08-24,VIOLENCE,Homicide investigation,Toronto, CA (Martha Eaton Way & Trethewey Dr),
2025-08-24,LLM,Anthropic Model Degradation,Model output quality issues,
2025-08-25,LLM,Anthropic Model Degradation,Model output quality issues,
2025-08-25,LLM,ChatGPT Voice Errors,Elevated errors in ChatGPT Voice,
2025-08-26,LLM,Google Gemini 2.5 Pro overloaded,Overloaded during day/evening,
2025-08-26,NETWORK,Major network outage,3+ hour outage, 11000+ reports (Aug 26-27),
2025-08-26,LLM,Anthropic Model Quality Degradation,Prolonged issue with model output quality (Issue Window 2),
2025-08-26,LLM,Sustained quality degradation,Reported quality problems from Aug 26 to Sep 5,
2025-08-26,LLM,Anthropic Model Degradation,Model output quality issues,
2025-08-26,LLM,Sustained LLM quality degradation,Ongoing quality issues reported,
2025-08-26,LLM,OpenAI,API,Elevated Error and Latency for API,
2025-08-26,LLM,OpenAI API Error/Latency,Elevated Error and Latency for API,
2025-08-27,LLM,Anthropic Model Quality Degradation,Prolonged issue with model output quality (Issue Window 2),
2025-08-27,LLM,Anthropic Model Degradation,Model output quality issues,
2025-08-27,LLM,Sustained LLM quality degradation,Ongoing quality issues reported,
2025-08-27,LLM,ChatGPT Search Failure,Search in ChatGPT failing for some free users,
2025-08-28,ELECTRONICS,RC forum complaints (BEC/ESC failures),,
2025-08-28,NETWORK,OpenRouter major outage,Affected chat & generation services,
2025-08-28,LLM,Anthropic Model Quality Degradation,Prolonged issue with model output quality (Issue Window 2),
2025-08-28,LLM,Anthropic Model Degradation,Model output quality issues,
2025-08-28,LLM,Sustained LLM quality degradation,Ongoing quality issues reported,
2025-08-28,LLM,OpenAI Login/Signup Errors,Increased login and signup errors,
2025-08-29,LLM,Anthropic Model Quality Degradation,Prolonged issue with model output quality (Issue Window 2),
2025-08-29,LLM,Anthropic Model Degradation,Model output quality issues,
2025-08-29,LLM,Sustained LLM quality degradation,Ongoing quality issues reported,
2025-08-30,ACTofGOD,CME arrival / G1 geomagnetic storm,Storm effects noted to continue through 2025-09-01,
2025-08-30,LLM,Anthropic Model Quality Degradation,Prolonged issue with model output quality (Issue Window 2),
2025-08-30,LLM,Anthropic Model Degradation,Model output quality issues,
2025-08-30,LLM,Sustained LLM quality degradation,Ongoing quality issues reported,
2025-08-30,LLM,OpenAI,ChatGPT,Elevated errors on ChatGPT,
2025-08-31,LLM,Anthropic Model Quality Degradation,Prolonged issue with model output quality (Issue Window 2),
2025-08-31,LLM,Anthropic Model Degradation,Model output quality issues,
2025-08-31,LLM,Sustained LLM quality degradation,Ongoing quality issues reported,
2025-09-01,ACTofGOD,Geomagnetic storm effects,Continuation of G1 storm from 2025-08-30,
2025-09-01,LLM,Anthropic Model Quality Degradation,Prolonged issue with model output quality (Issue Window 2),
2025-09-01,LLM,Anthropic Model Degradation,Model output quality issues,
2025-09-01,LLM,Sustained LLM quality degradation,Ongoing quality issues reported,
2025-09-01,LLM,OpenAI ChatGPT,Elevated errors,
2025-09-02,ELECTRONICS,Starlink User Terminal Glitches,Reports of intermittent connectivity and terminal reboots from users in high-latitude regions.,
2025-09-02,ACTofGOD,Geomagnetic K-index 5, Alert,2048 UTC,
2025-09-02,LLM,Anthropic Model Quality Degradation,Prolonged issue with model output quality (Issue Window 2),
2025-09-02,LLM,Anthropic Model Degradation,Model output quality issues,
2025-09-02,LLM,Google,AI Studio / Gemini,API key requests may fail for some users 
2025-09-03,LLM,Anthropic elevated errors,Affected Claude Opus and Sonnet models,
2025-09-03,NETWORK,Recurring, daily network shutdowns,1.25-hour shutdowns daily from Sep 3 to Sep 8,
2025-09-03,ACTofGOD,Geomagnetic, K-index 5 Alert,0301 UTC,
2025-09-03,LLM,Anthropic Model Quality Degradation,Prolonged issue with model output quality (Issue Window 2),
2025-09-03,LLM,Anthropic Model Degradation,Model output quality issues,
2025-09-03,LLM,Google,AI Studio / Gemini,Billing bug charging 'Gemini 2.5 Flash Native Image Generation',
2025-09-03,LLM,OpenAI ChatGPT,Not displaying responses,
2025-09-04,LLM,Google Gemini chatbot outage,Part of wider Google services outage,
2025-09-04,NETWORK,Recurring, daily network shutdowns,1.25-hour shutdowns daily from Sep 3 to Sep 8,
2025-09-04,NETWORK,Google services outage,Affected Search, Gmail Maps YouTube in EU,
2025-09-04,ELECTRONICS,Product Malfunction,Tajarly insoles reported overheating,
2025-09-04,ELECTRONICS,Product Malfunction,Defective power stations causing battery explosions,
2025-09-04,ELECTRONICS,Software/Game Crash,Hollow Knight launch causes crashes on Steam, Xbox PlayStation Nintendo,
2025-09-04,LLM,Regional Outage,EMEA region inaccessible,
2025-09-04,VIOLENCE,Violent Incident,Location: 700 block W. Tennyson Road,
2025-09-04,VIOLENCE,Violent Incident,Location: 50 block Trestle Drive,
2025-09-04,TRANSIT,Vehicle Recall,Recall of 7301 vehicles due to window safety system issue,
2025-09-04,TRANSIT,Vehicle recall,power steering,17334 vehicles affected,
2025-09-04,TRANSIT,Vehicle recall,highway assist software,24214 vehicles affected,
2025-09-04,TRANSIT,Vehicle recall,door lock malfunction,197432 vehicles affected,
2025-09-04,TRANSIT,Vehicle recall,dashboard display glitch,591000 vehicles affected,
2025-09-04,LLM,Anthropic,Model Quality Degradation,Prolonged issue with model output quality (Issue Window 2),
2025-09-04,LLM,Anthropic,Model Degradation,Model output quality issues,
2025-09-04,LLM,Anthropic,API/Connectors,Unable to connect to MCP (Connectors),
2025-09-04,LLM,Google,AI Studio/Gemini UI,AI Studio may not load for some users,
2025-09-04,LLM,Google,AI Studio / Gemini,ListModels requests fail for all users,
2025-09-04,LLM,OpenAI,File API Error,Errors reported with File API,
2025-09-05,LLM,Anthropic,Claude Opus 4.1 messaging failures,Users unable to send messages,
2025-09-05,NETWORK,Recurring, daily network shutdowns,1.25-hour shutdowns daily from Sep 3 to Sep 8,
2025-09-05,VIOLENCE,Homicide (shooting),Langley BC, CA (Taxi-related),
2025-09-05,LLM,Anthropic, Claude Degraded Responses,Model providing degraded quality responses,
2025-09-05,LLM,Anthropic, Model Quality Degradation,Prolonged issue with model output quality (Issue Window 2),
2025-09-05,LLM,Google, AI Studio/Gemini API,API key requests may fail for some users, 
2025-09-05,LLM,OpenAI Responses API Error,Increased error rates in Web Search tools,
2025-09-06,NETWORK,Cloudflare DNS Outage,Partial outage affecting DNS resolution in North America and Europe.,
2025-09-06,ACTofGOD,Geomagnetic K-index 5,Alert,1645 UTC,
2025-09-06,NETWORK,Recurring, daily network shutdowns,1.25-hour shutdowns daily from Sep 3 to Sep 8,
2025-09-06,ACTofGOD,Geomagnetic K-index 4,Alert,0241 UTC,
2025-09-07,VIOLENCE,Homicide investigation,Blue Mountains, NSW AU (Body found in burning vehicle),
2025-09-07,NETWORK,Recurring, daily network shutdowns,1.25-hour shutdowns daily from Sep 3 to Sep 8,
2025-09-07,VIOLENCE,Homicide (stabbing),Cobblebank VIC, AU (Two males fatally stabbed),
2025-09-07,VIOLENCE,Homicide (shooting),Melbourne CBD VIC, AU,
2025-09-08,VIOLENCE,Murder investigation (double shooting),Clapham, London UK,
2025-09-08,LLM,OpenAI API Latency Issues,Users reported elevated latency and 5xx errors, GPT-4 models across multiple regions,
2025-09-08,NETWORK,Recurring, daily network shutdowns,1.25-hour shutdowns daily from Sep 3 to Sep 8,
2025-09-08,ACTofGOD,Geomagnetic, K-index 4 Alert,0508 UTC,
2025-09-09,ACTofGOD,G2,geomagnetic storm,Alert,
2025-09-09,LLM,OpenAI,ChatGPT, Agent errors,
2025-09-09,LLM,Anthropic,Elevated Errors,Duration: 07:00 PM-08:02 PM,
2025-09-09,TRANSIT,Railway Signal System Malfunction,Widespread signal failures reported,Northeast Corridor causing significant delays,
2025-09-09,ACTofGOD,Geomagnetic, K-index 4 Alert,2202 UTC,
2025-09-09,ACTofGOD,Electron >2MeV Flux Alert, (>1000 pfu),1431 UTC,
2025-09-09,ACTofGOD,Geomagnetic, K-index 6 Alert,23:28 UTC,
2025-09-09,ACTofGOD,Geomagnetic, K-index 5 Alert,23:18 UTC,
2025-09-09,LLM,ChatGPT Agent Error,Elevated error rate,ChatGPT Agent,
2025-09-10,LLM,Google, Gemini, outage reports,
2025-09-10,LLM,OpenAI, Batch API, errors,
2025-09-10,LLM,OpenAI, File Search, broken,
2025-09-10,NETWORK,Azure, East US 2 allocator incident,VM/service management degraded,
2025-09-10,NETWORK,Network Outage,14-minute duration,,
2025-09-10,NETWORK,Comcast Outage,23-hour duration,,
2025-09-10,VIOLENCE,Fatal shooting,Burnaby, BC (CA) IHIT investigating,
2025-09-10,LLM,OpenAI, Batch API,Errors reported,
2025-09-10,ACTofGOD,Geomagnetic, K-index 4 Extended,05:46 UTC,
2025-09-10,ACTofGOD,Geomagnetic, K-index 5 Extended,05:46 UTC,
2025-09-10,LLM,Anthropic APIs & claude.ai down,Status updates: Identified, Monitoring,
2025-09-15,ACTofGOD,Geomagnetic_Storm,02:59	G3_Storm_Peak 20-26 Solar wind 760 km/s	G3 Global,Peak storm intensity,
2025-09-10,LLM,OpenAI API Issues,Errors with Batch API, File Search not working across Responses and Assistance API,
2025-09-11,LLM,Anthropic, Claude Opus 4.1,elevated errors,
2025-09-11,LLM,OpenAI,Deep Research,degraded,
2025-09-11,LLM,OpenAI,Fine-tuning,delays,
2025-09-11,LLM,Anthropic,General model errors and incidents,Event duration: 11-15
2025-09-11,ACTofGOD,Geomagnetic K-index 4 Alert,02:51 UTC,
2025-09-12,ACTofGOD,Schumann,03:00	Minimum_Values 7.83	1 Global,All frequencies drop to minimum,
2025-09-12,ACTofGOD,Schumann,04:00	Record_Peak	71	0-40+ 4 Global,Highest recorded power in modern era,
2025-09-12,ACTofGOD,Schumann,10:00	Second_Phase_Start 50 5	Global,Second intense phase
2025-09-12,ACTofGOD,Schumann,15:00	Second_Phase_Peak 50,Peak of second phase,
2025-09-11,LLM,OpenAI Service Disruption,Deep Research elevated errors; Fine-tuning jobs experiencing delays,
2025-09-12,ELECTRONICS,RC helicopter failure,SAB Goblin, one-way bearing failure,
2025-09-12,LLM,Anthropic,General model errors and incidents,Event duration: 11-15
2025-09-12,ELECTRONICS,RC helicopter failure,SAB Goblin one-way bearing (OW) failure,
2025-09-12,LLM,Anthropic, Claude Sonnet 3.7, elevated errors,
2025-09-12,LLM,OpenAI, GPT-5 + Agent,double-reply bug,
2025-09-12,NETWORK,Cloudflare, dashboard/API outage,
2025-09-12,VIOLENCE,Mass shooting,Chicago, IL (S. Halsted),
2025-09-12,LLM,OpenAI, Model & Agent Issues,Increased rate limit errors with GPT-4o; Agent tasks showing both GPT-5 and agent responses,
2025-09-13,LLM,Anthropic,General model errors and incidents,Event duration: 11-15
2025-09-13,ELECTRONICS,RC helicopter failure,OMP M2 MK2, runaway head speed,
2025-09-13,ACTofGOD,Electron Flux Alert,19:02 UTC,Alert: Electron 2MeV integral flux exceeded 1000 pfu,
2025-09-13,ACTofGOD,Schumann,00:00	Sustained_Activity 15-20 24 Global,24 hours continuous elevation,
2025-09-14,LLM,Anthropic,General model errors and incidents,Event duration: 11-15
2025-09-14,ACTofGOD,Schumann,Sustained_Activity 15-20 24 Global,24 hours continuous elevation ends,
2025-09-14,ACTofGOD,Geomagnetic_Storm,00:00	G3_Storm_Start 15-26 48+ Solar wind 600-760 km/s G3	Global,Strong geomagnetic storm,
2025-09-14,LLM,OpenAI, API, elevated errors,
2025-09-14,VIOLENCE,NYC murders, elevated shootings & major crimes, week of 9/14,
2025-09-14,ACTofGOD,Electron Flux Alert,18:51 UTC,Continued alert: Electron 2MeV integral flux exceed,
2025-09-14,ACTofGOD,Geomagnetic, K-index 5 Alert,23:47 UTC,
2025-09-14,ACTofGOD,Geomagnetic, K-index 4 Alert,23:22 UTC,
2025-09-14,LLM,OpenAI, API Platform,Elevated error rates,
2025-09-15,LLM,Anthropic,General model errors and incidents,Event duration: 11-15
2025-09-15,ACTofGOD,Geomagnetic storm,G3 (Strong) storm ongoing,
2025-09-15,ELECTRONICS,PC/mobile,Multiple device anomalies,PC shutdowns iPhone glitches,
2025-09-15,LLM,Anthropic Claude, Opus 4.1 elevated errors,Occurred overnight,
2025-09-15,LLM,Google Gemin,i image-gen bug,Defaults to square aspect ratio,
2025-09-15,LLM,Mistral, service degradation,Includes OCR API downtime,
2025-09-15,NETWORK,Reddit, outage,U.S. region,
2025-09-15,NETWORK,Starlink, outage,Affected ~43000 users,
2025-09-15,ANIMALS,wildlife,black tiger sighting/behavioral oddity, "National Geographic contributor recounts firsthand a rare black tiger encounter in Similipal; details reported directly from field photojournalism experience cited alongside local stories of odd predation and tiger presence." "https://www.nationalgeographic.com/animals/article/similipal-black-tiger-genetic-mutation"
2025-09-15,NETWORK,UniFi,network anomalies,Reported network loops,
2025-09-15,TRANSIT,Tesla,hardware anomaly,Door handle malfunction,
2025-09-15,VIOLENCE,Mass shooting,Minneapolis MN, (near encampment),
2025-09-15,ACTofGOD,Geomagnetic K-Index Alert,08:06 UTC,Alert: Geomagnetic K-index of 5,
2025-09-15,ACTofGOD,Geomagnetic K-Index Alert,03:32 UTC,Alert: Geomagnetic K-index of 5,
2025-09-15,ACTofGOD,Geomagnetic K-Index Alert,02:59 UTC,Alert: Geomagnetic K-index of 7,
2025-09-15,ACTofGOD,Geomagnetic K-Index Alert,02:10 UTC,Alert: Geomagnetic K-index of 6,
2025-09-15,LLM,OpenAI.,file_search,Impact in retrieval quality,
2025-09-16,ACTofGOD,Geomagnetic_storm,G3 (Strong), storm continues,
2025-09-16,ELECTRONICS,Power brick failure,,
2025-09-16,ELECTRONICS,RC, helicopter GPS anomaly,Phantom home points reported,
2025-09-16,LLM,OpenAI, GPT Store, errors,
2025-09-16,VIOLENCE,Mass shooting,Minneapolis, MN (second incident near encampment),
2025-09-16,LLM,OpenAI, Login Error,Elevated errors with SSO login,
2025-09-16,LLM,OpenAI, SSO Login Errors,Users reported issues with Single Sign-On functionality,
2025-09-17,VIOLENCE,Stabbing Incident,Grafton, NSW (AU): Man dies after stabbing,
2025-09-17,LLM,OpenAI Service Disruption,Errors for Conversations with Images for Free Users; Elevated errors in GPT Store,
2025-09-18,VIOLENCE,Stabbing Incident,NSW (AU): Double stabbing at rail station,
2025-09-28,LLM,Mistral,Mistral AI,Unclear usage/project limits and support refusals Reddit and Discord users described free-tier projects marked "Full" with very few chats and no files Complaints ran from September 28 to October 14,
2025-09-29,LLM,Mistral,Mistral AI,Unclear usage/project limits and support refusals Reddit and Discord users described free-tier projects marked "Full" with very few chats and no files Complaints ran from September 28 to October 14,
2025-09-30,LLM,Mistral,Mistral AI,Unclear usage/project limits and support refusals Reddit and Discord users described free-tier projects marked "Full" with very few chats and no files Complaints ran from September 28 to October 14,
2025-10-01,LLM,Mistral,Mistral AI,Unclear usage/project limits and support refusals Reddit and Discord users described free-tier projects marked "Full" with very few chats and no files Complaints ran from September 28 to October 14,
2025-10-01,LLM,Google,Gemini 2.5 Pro,Hallucinations and major response degradation
2025-10-01,ACTofGOD,Geomagnetic Storm,G3 Storm Peak,Kp index reached 7 (G3 level),
2025-10-02,ACTofGOD,Geomagnetic Storm,G3 Storm Continuation,Kp 6.67 at 03-06 UTC (G3 level),
2025-10-02,LLM,Mistral,Mistral AI,Unclear usage/project limits and support refusals Reddit and Discord users described free-tier projects marked "Full" with very few chats and no files Complaints ran from September 28 to October 14,
2025-10-02,LLM,OpenAI,Login Issues, Users cannot login or create new accounts,
2025-10-02,LLM,OpenAI,Android, Signup Errors Increased errors on Google signup for Android users,
2025-10-02,LLM,Anthropic,Connectors Unhealthy,Users unable to connect to Claude.ai Connectors/MCP investigating started 16:47 UTC,
2025-10-03,ACTofGOD,Geomagnetic Activity,G1 Storms Continue,Minor geomagnetic storming expected to persist Kp 4.33-4.67,
2025-10-03,LLM,Mistral,Mistral AI,Unclear usage/project limits and support refusals Reddit and Discord users described free-tier projects marked "Full" with very few chats and no files Complaints ran from September 28 to October 14,
2025-10-03,LLM,Anthropic,Complete Platform Outage,Claude.ai web interface down starting 01:26 UTC,
2025-10-04,LLM,Mistral,Mistral AI,Unclear usage/project limits and support refusals Reddit and Discord users described free-tier projects marked "Full" with very few chats and no files Complaints ran from September 28 to October 14,
2025-10-05,LLM,Mistral,Mistral AI,Unclear usage/project limits and support refusals Reddit and Discord users described free-tier projects marked "Full" with very few chats and no files Complaints ran from September 28 to October 14,
2025-10-06,LLM,Mistral,Mistral AI,Unclear usage/project limits and support refusals Reddit and Discord users described free-tier projects marked "Full" with very few chats and no files Complaints ran from September 28 to October 14,
2025-10-06,LLM,OpenAI,ChatGPT,App crashes and unusable on iOS Six+ users on Reddit (r/ChatGPTPro) reported the app crashing instantly on launch and after responses with failed reinstall attempts spanning several days. Comments indicate widespread impact,
2025-10-07,LLM,Mistral,Mistral AI,Unclear usage/project limits and support refusals Reddit and Discord users described free-tier projects marked "Full" with very few chats and no files Complaints ran from September 28 to October 14,
2025-10-07,ACTofGOD,Schumann,Full Whiteout,Chart maxed out; likely sensor saturation or elevated lightning activity,
2025-10-07,LLM,Google,Gemini 2.5 Pro,Hallucinations and major response degradation especially paying subscribers noted the model inventing events ignoring referenced documents timing out on 50%+ of requests loss of citation functionality and quality dropping so much that users canceled subscriptions and switched models. Consensus was degraded quality began late September/early October and continued for more than a week.​
2025-10-08,LLM,Mistral,Mistral AI,Unclear usage/project limits and support refusals Reddit and Discord users described free-tier projects marked "Full" with very few chats and no files Complaints ran from September 28 to October 14,
2025-10-08,LLM,Google,Multiple Batch API Outages, Multiple outages reported for Gemini Batch API throughout the day,
2025-10-08,LLM,OpenAI,Service Degradation, General service degradation affecting multiple components,
2025-10-09,LLM,Mistral,Mistral AI,Unclear usage/project limits and support refusals Reddit and Discord users described free-tier projects marked "Full" with very few chats and no files Complaints ran from September 28 to October 14,
2025-10-09,LLM,Google,API Outages, Google AI Studio Realtime and Gemini Live API affected by outage,
2025-10-09,LLM,OpenAI,Assistants API Issues, Assistants API experiencing issues,
2025-10-09,LLM,Anthropic,Elevated errors - claude.ai,Elevated errors on claude.ai
2025-10-10,LLM,Mistral,Mistral AI,Unclear usage/project limits and support refusals Reddit and Discord users described free-tier projects marked "Full" with very few chats and no files Complaints ran from September 28 to October 14,
2025-10-10,LLM,OpenAI,Connector Errors, Elevated error rates for Gmail and Google Calendar connectors, 
2025-10-10,LLM,OpenAI,Responses API Outage, Partial outage of Responses API 
2025-10-10,LLM,Anthropic,claude.ai errors, status.anthropic.com Issue identified at 21:23 UTC on Oct 9
2025-10-11,LLM,OpenAI,SDK Dev Mode Outage,Apps SDK Dev Mode experiencing partial outage 
2025-10-11,LLM,Mistral,Mistral AI,Unclear usage/project limits and support refusals Reddit and Discord users described free-tier projects marked "Full" with very few chats and no files Complaints ran from September 28 to October 14,
2025-10-11,LLM,OpenAI,Chat Function Broken,Temporary chat not functioning on web interface 
2025-10-12,CRIME,Hit-and-run,fatal,Oregon USA,
2025-10-12,LLM,Mistral,Mistral AI,Unclear usage/project limits and support refusals Reddit and Discord users described free-tier projects marked "Full" with very few chats and no files Complaints ran from September 28 to October 14,
2025-10-12,ACTofGOD,Schumann,Vertical Blackout,Sudden data loss or frequency drop,
2025-10-13,LLM,Mistral,Mistral AI,Unclear usage/project limits and support refusals Reddit and Discord users described free-tier projects marked "Full" with very few chats and no files Complaints ran from September 28 to October 14,
2025-10-13,LLM,Meta,Meta-Llama,Inference crash and VRAM load bug multiple GitHub issues and the weekly report (Oct 13-20) flagged repeated crashes during LoRA inference, 
2025-10-13,LLM,Meta,Meta-Llama,reports of output malformation with certain endpoints across multiple users​
2025-10-13,LLM,OpenAI,Fine-Tuning Delays,Delays with Supervised Fine-Tuning jobs,
2025-10-13,LLM,Meta,Meta-Llama,Multi-platform failure and API bugs GitHub issues highlighted compile errors on Android 15 OpenBLAS path detection failures RAM/VRAM transfer limitations and various inference and GPU bugs,
2025-10-14,LLM,Mistral,Mistral AI,Unclear usage/project limits and support refusals Reddit and Discord users described free-tier projects marked "Full" with very few chats and no files Complaints ran from September 28 to October 14,
2025-10-14,LLM,Google,Multiple Issues,High failure rates in Gemini apps/APIs with 500 error messages reported by users on Downdetector; leaked internal documents about Gemini 3.0 revealed on social media; users reporting unreliability and poor memory in Gemini 2.5 models,
2025-10-14,LLM,OpenAI,Model Error Rates,Elevated error rates in gpt-5-mini model 
2025-10-14,LLM,Meta,Meta-Llama,Inference crash and VRAM load bug multiple GitHub issues and the weekly report (Oct 13-20) flagged repeated crashes during LoRA inference, 
2025-10-15,LLM,Meta,Meta-Llama,Inference crash and VRAM load bug multiple GitHub issues and the weekly report (Oct 13-20) flagged repeated crashes during LoRA inference, 
2025-10-16,LLM,Meta,Meta-Llama,Inference crash and VRAM load bug multiple GitHub issues and the weekly report (Oct 13-20) flagged repeated crashes during LoRA inference, 
2025-10-17,LLM,Meta,Meta-Llama,Inference crash and VRAM load bug multiple GitHub issues and the weekly report (Oct 13-20) flagged repeated crashes during LoRA inference, 
2025-10-18,LLM,Mistral,Mistral AI,Unclear usage/project limits and support refusals Reddit and Discord users described free-tier projects marked "Full" with very few chats and no files Complaints ran from September 28 to October 14,
2025-10-18,LLM,Meta,Meta-Llama,Inference crash and VRAM load bug multiple GitHub issues and the weekly report (Oct 13-20) flagged repeated crashes during LoRA inference, 
2025-10-18,ACTofGOD,Solar,G1-G2 Geomagnetic Storm,G1 minor to G2 moderate geomagnetic storm. Kp reached 6 at 18 UTC. CME from Oct 15 plus coronal hole effects earthsky.org/NOAA SWPC Visible auroras in Iceland and Greenland
2025-10-18,ACTofGOD,Solar,10 × M-class flares (max M1.5),G1 (Kp 5) storm >600 km/s CME remnants; moderate radio blackouts,,
2025-10-19,LLM,Mistral,Mistral AI,Unclear usage/project limits and support refusals Reddit and Discord users described free-tier projects marked "Full" with very few chats and no files Complaints ran from September 28 to October 14,
2025-10-19,ACTofGOD,Solar,10 × M-class flares (max M1.5),G1 (Kp 5) storm >600 km/s CME remnants; moderate radio blackouts,,
2025-10-20,LLM,ept AI,AWS us-east-1 outage - continues,AWS us-east-1 outage continues affecting ept AI services.  at 13:17 PDT status.ept.ai Solar: Kp 2-3 unsettled. 48hrs after G2 storm peak
2025-10-20,LLM,Anthropic,Claude.ai unavailable,Claude.ai completely unavailable due to faulty edge proxy deployment.  at 18:12 UTC status.anthropic.com Solar: Kp 2-3. Faulty deployment rolled back. ~48hrs after G2 storm
2025-10-20,LLM,ept AI,AWS us-east-1 outage,ept AI services showing degraded performance due to AWS outage.  at 11:32 PDT status.ept.ai Solar: Kp 2-3. Post-storm period
2025-10-20,LLM,ept AI,Websocket outage,Complete websocket outage due to underlying AWS service outage.  at 03:03 PDT status.ept.ai Solar: Kp 2-3. AWS-related
2025-10-20,LLM,ept AI,Generator down,Generator down due to LLM provider outage and AWS service degradations.  at 02:58 PDT status.ept.ai Solar: Kp 2-3. LLM API provider issue. ~36hrs after G2 storm
2025-10-20,ACTofGOD,Solar,1 × M1 flare,Unsettled (Kp 3–4) ~500 km/s AR4246 rotating off limb,,
2025-10-20,LLM,OpenAI,ChatGPT subscription issues,Issue with purchasing new subscriptions and updating/cancelling existing subscriptions for ChatGPT on Android/iOS OpenAI Status,
2025-10-20,LLM,OpenAI,Single Sign On (SSO) login issues,All impacted services have now fully recovered. Occurred at 3:10 AM OpenAI Status,
2025-10-20,LLM,xAI,Grok degraded performance,Degraded performance on reasoning models due to AWS outage xAI Status,
2025-10-21,ACTofGOD,Solar,C-class only,Quiet-to-active 450–550 km/s Solar wind returning to normal,
2025-10-21,LLM,OpenAI,Dashboard response logs,Response logs experiencing an elevated error rate 5:13 PM OpenAI Status,
2025-10-21,LLM,OpenAI,ChatGPT errors,Increased error rates on ChatGPT 8:23 AM OpenAI Status,
2025-10-21,LLM,Anthropic,Opus 4.1 errors,Elevated errors on Claude Opus 4.1 Anthropic Status,
2025-10-21,LLM,Google,File API,File API document processing outage Google Status,
2025-10-22,LLM,OpenAI,503 errors,Elevated 503 errors when using GPT-4.1-Nano model 4:37 PM All impacted services have now fully recovered OpenAI Status,
2025-10-22,LLM,Anthropic,Connectors & MCP,Elevated errors using Claude.ai connectors API server tools and API MCP Connectors Anthropic Status,
2025-10-22,LLM,Google,AI Studio,YouTube handling outage Google Status,
2025-10-22,LLM,Suno,Outage,Outage preceded by degraded performance,
2025-10-23,LLM,Anthropic,Claude outage,Claude unavailable for several hours Solar: Kp 1-2 QUIET. ~96hrs after G2 storm. Lagging effect?,
2025-10-23,NETWORK,Discord,Possible outage,Discord reported as not working by users but no official reports made,
2025-10-23,ACTofGOD,Solar,No major flares,Quiet (Kp 2–3) 400–450 km/s Farside blast → radiation storm,,
2025-10-23,LLM,OpenAI,Video gen endpoints,/v1/video gen endpoints high error rate 9:47pm OpenAI Status,
2025-10-23,LLM,OpenAI,Company knowledge,Issues with Company knowledge 1:01 PM OpenAI Status,
2025-10-23,LLM,OpenAI,ChatGPT conversations,Increased errors on ChatGPT conversations 9:29 AM OpenAI Status,
2025-10-23,LLM,Anthropic,File uploads,File upload broken Anthropic Status,
2025-10-23,LLM,Anthropic,Opus 4.1 errors,Elevated errors on Claude Opus 4.1 Anthropic Status,
2025-10-23,LLM,xAI,Grok slow,Slow to respond User report,
2025-10-24,ACTofGOD,Solar,Quiet conditions,Quiet (Kp 1–2) 380–420 km/s Calm conditions,,
2025-10-24,LLM,OpenAI,WebSearch errors,Elevated Error rates for websearch OpenAI Status,
2025-10-24,LLM,xAI,Grok slow,Still slow to respond User report,
2025-10-24,LLM,Suno,Technical issue,Error "A technical issue is affecting everyone right now—it's not just you! Song creation will be back soon. Keep listening in the meantime!" Suno Status,
2025-10-28,LLM,Suno,Outage,Outage and degraded performance Suno Status,

